_id,_region,_branch,_topping,_createdAt,_ttl,__v
64163aab0c5635133392939e,North,North2,Pepperoni,Sun Mar 19 2023 00:26:18 GMT+0200 (שעון ישראל (חורף)),Sun Mar 19 2023 01:26:18 GMT+0200 (שעון ישראל (חורף)),0
64163ac80c563513339293a0,North,North2,Pepperoni,Sun Mar 19 2023 00:27:20 GMT+0200 (שעון ישראל (חורף)),Sun Mar 19 2023 00:39:20 GMT+0200 (שעון ישראל (חורף)),0
64163b070c563513339293a2,North,North1,"Tuna,Pepperoni",Sun Mar 19 2023 00:28:23 GMT+0200 (שעון ישראל (חורף)),Sun Mar 19 2023 02:01:23 GMT+0200 (שעון ישראל (חורף)),0
64163b070c563513339293a4,North,North1,"Tuna,Tomatoes",Sun Mar 19 2023 00:28:23 GMT+0200 (שעון ישראל (חורף)),Sun Mar 19 2023 02:42:23 GMT+0200 (שעון ישראל (חורף)),0
64163b070c563513339293aa,North,North1,"Pepperoni,Pepperoni",Sun Mar 19 2023 00:28:23 GMT+0200 (שעון ישראל (חורף)),Sun Mar 19 2023 01:56:23 GMT+0200 (שעון ישראל (חורף)),0
64163b070c563513339293ac,North,North1,"Mushroom,Onions",Sun Mar 19 2023 00:28:23 GMT+0200 (שעון ישראל (חורף)),Sun Mar 19 2023 02:07:23 GMT+0200 (שעון ישראל (חורף)),0
64163b070c563513339293ae,North,North1,"Mushroom,Peppers",Sun Mar 19 2023 00:28:23 GMT+0200 (שעון ישראל (חורף)),Sun Mar 19 2023 02:32:23 GMT+0200 (שעון ישראל (חורף)),0
64163b070c563513339293b0,North,North1,"Tomatoes,Onions",Sun Mar 19 2023 00:28:23 GMT+0200 (שעון ישראל (חורף)),Sun Mar 19 2023 02:46:23 GMT+0200 (שעון ישראל (חורף)),0
64163b070c563513339293b2,North,North1,"Pepperoni,Onions",Sun Mar 19 2023 00:28:23 GMT+0200 (שעון ישראל (חורף)),Sun Mar 19 2023 01:29:23 GMT+0200 (שעון ישראל (חורף)),0
64163b070c563513339293b4,North,North1,"Tomatoes,Onions",Sun Mar 19 2023 00:28:23 GMT+0200 (שעון ישראל (חורף)),Sun Mar 19 2023 02:11:23 GMT+0200 (שעון ישראל (חורף)),0
64163b070c563513339293a6,North,North1,"Tuna,Mushroom",Sun Mar 19 2023 00:28:23 GMT+0200 (שעון ישראל (חורף)),Sun Mar 19 2023 02:02:23 GMT+0200 (שעון ישראל (חורף)),0
64163b070c563513339293a8,North,North1,"Pepperoni,Tuna",Sun Mar 19 2023 00:28:23 GMT+0200 (שעון ישראל (חורף)),Sun Mar 19 2023 00:58:23 GMT+0200 (שעון ישראל (חורף)),0
64163b911b61dd01dd4975a3,North,North2,Pepperoni,Sun Mar 19 2023 00:30:24 GMT+0200 (שעון ישראל (חורף)),Sun Mar 19 2023 02:02:24 GMT+0200 (שעון ישראל (חורף)),0
64163bfb7ad9e433168bdc4a,North,North2,Pepperoni,Sun Mar 19 2023 00:31:48 GMT+0200 (שעון ישראל (חורף)),Sun Mar 19 2023 03:08:48 GMT+0200 (שעון ישראל (חורף)),0
64163bfb7ad9e433168bdc4c,North,North2,Pepperoni,Sun Mar 19 2023 00:31:10 GMT+0200 (שעון ישראל (חורף)),Sun Mar 19 2023 01:16:10 GMT+0200 (שעון ישראל (חורף)),0
64163e568bbb55dcfe22b622,North,North2,Pepperoni,Sun Mar 19 2023 00:42:30 GMT+0200 (שעון ישראל (חורף)),Sun Mar 19 2023 03:11:30 GMT+0200 (שעון ישראל (חורף)),0
64163e891768481a6aa343d8,North,North2,Pepperoni,Sun Mar 19 2023 00:42:43 GMT+0200 (שעון ישראל (חורף)),Sun Mar 19 2023 03:08:43 GMT+0200 (שעון ישראל (חורף)),0
64163ea51768481a6aa343da,North,North1,"Mushroom,Peppers",Sun Mar 19 2023 00:43:49 GMT+0200 (שעון ישראל (חורף)),Sun Mar 19 2023 01:03:49 GMT+0200 (שעון ישראל (חורף)),0
64163ea51768481a6aa343dc,North,North1,"Tomatoes,Pepperoni",Sun Mar 19 2023 00:43:49 GMT+0200 (שעון ישראל (חורף)),Sun Mar 19 2023 03:16:49 GMT+0200 (שעון ישראל (חורף)),0
64163ea61768481a6aa343e0,North,North1,"Onions,Tuna",Sun Mar 19 2023 00:43:49 GMT+0200 (שעון ישראל (חורף)),Sun Mar 19 2023 01:03:49 GMT+0200 (שעון ישראל (חורף)),0
64163ea61768481a6aa343e2,North,North1,"Mushroom,Mushroom",Sun Mar 19 2023 00:43:49 GMT+0200 (שעון ישראל (חורף)),Sun Mar 19 2023 01:30:49 GMT+0200 (שעון ישראל (חורף)),0
64163ea61768481a6aa343e6,North,North1,"Pepperoni,Tomatoes",Sun Mar 19 2023 00:43:49 GMT+0200 (שעון ישראל (חורף)),Sun Mar 19 2023 01:58:49 GMT+0200 (שעון ישראל (חורף)),0
64163ea61768481a6aa343e8,North,North1,"Pepperoni,Onions",Sun Mar 19 2023 00:43:49 GMT+0200 (שעון ישראל (חורף)),Sun Mar 19 2023 01:28:49 GMT+0200 (שעון ישראל (חורף)),0
64163ea61768481a6aa343ea,North,North1,"Peppers,Mushroom",Sun Mar 19 2023 00:43:49 GMT+0200 (שעון ישראל (חורף)),Sun Mar 19 2023 01:26:49 GMT+0200 (שעון ישראל (חורף)),0
64163ea61768481a6aa343ec,North,North1,"Pepperoni,Onions",Sun Mar 19 2023 00:43:49 GMT+0200 (שעון ישראל (חורף)),Sun Mar 19 2023 01:44:49 GMT+0200 (שעון ישראל (חורף)),0
64163ea51768481a6aa343de,North,North1,"Tuna,Tomatoes",Sun Mar 19 2023 00:43:49 GMT+0200 (שעון ישראל (חורף)),Sun Mar 19 2023 03:12:49 GMT+0200 (שעון ישראל (חורף)),0
64163ea61768481a6aa343e4,North,North1,"Onions,Peppers",Sun Mar 19 2023 00:43:49 GMT+0200 (שעון ישראל (חורף)),Sun Mar 19 2023 01:05:49 GMT+0200 (שעון ישראל (חורף)),0
64163fc65c02204d72a4abfd,North,North1,"Onions,Onions",Sun Mar 19 2023 00:48:20 GMT+0200 (שעון ישראל (חורף)),Sun Mar 19 2023 02:08:20 GMT+0200 (שעון ישראל (חורף)),0
64163fc65c02204d72a4abff,North,North1,"Onions,Mushroom",Sun Mar 19 2023 00:48:20 GMT+0200 (שעון ישראל (חורף)),Sun Mar 19 2023 02:25:20 GMT+0200 (שעון ישראל (חורף)),0
64164036e4c340c9465dcac9,North,North2,Pepperoni,Sun Mar 19 2023 00:50:15 GMT+0200 (שעון ישראל (חורף)),Sun Mar 19 2023 03:09:15 GMT+0200 (שעון ישראל (חורף)),0
6416407f309048e43220745e,North,North2,Pepperoni,Sun Mar 19 2023 00:51:34 GMT+0200 (שעון ישראל (חורף)),Sun Mar 19 2023 01:07:34 GMT+0200 (שעון ישראל (חורף)),0
641640d722aa6bca0c08d9ee,North,North2,Pepperoni,Sun Mar 19 2023 00:52:34 GMT+0200 (שעון ישראל (חורף)),Sun Mar 19 2023 00:54:34 GMT+0200 (שעון ישראל (חורף)),0
6416411de9c80b1e4a0d1c58,North,North2,Pepperoni,Sun Mar 19 2023 00:53:53 GMT+0200 (שעון ישראל (חורף)),Sun Mar 19 2023 02:28:53 GMT+0200 (שעון ישראל (חורף)),0
64164163152ec0a643f06544,North,North2,Pepperoni,Sun Mar 19 2023 00:55:31 GMT+0200 (שעון ישראל (חורף)),Sun Mar 19 2023 02:48:31 GMT+0200 (שעון ישראל (חורף)),0
64164179152ec0a643f06546,North,North2,Pepperoni,Sun Mar 19 2023 00:55:52 GMT+0200 (שעון ישראל (חורף)),Sun Mar 19 2023 01:24:52 GMT+0200 (שעון ישראל (חורף)),0
6416417f152ec0a643f06548,North,North2,Pepperoni,Sun Mar 19 2023 00:55:59 GMT+0200 (שעון ישראל (חורף)),Sun Mar 19 2023 01:23:59 GMT+0200 (שעון ישראל (חורף)),0
641646115387e20cfa9c898c,North,North1,,,,0
64164656c81faf4c147bfe27,North,North2,Pepperoni,Sun Mar 19 2023 01:16:38 GMT+0200 (שעון ישראל (חורף)),Sun Mar 19 2023 03:44:38 GMT+0200 (שעון ישראל (חורף)),0
6416465bc81faf4c147bfe29,North,North1,,,,0
641646d2af47c2570936b496,North,North1,,,,0
6416471237f4a506d79d329d,North,North1,,,,0
641647420f730e80ab626ed5,North,North1,,,,0
64165545159fadbc35ee7629,Haifa,Haifa2,Onions,Sun Mar 19 2023 02:20:21 GMT+0200 (שעון ישראל (חורף)),Sun Mar 19 2023 04:04:21 GMT+0200 (שעון ישראל (חורף)),0
6416558b159fadbc35ee762b,Haifa,Haifa2,Onions,Sun Mar 19 2023 02:21:30 GMT+0200 (שעון ישראל (חורף)),Sun Mar 19 2023 04:28:30 GMT+0200 (שעון ישראל (חורף)),0
64165618be6a3dbba0d5f712,Haifa,Haifa2,Onions,Sun Mar 19 2023 02:23:48 GMT+0200 (שעון ישראל (חורף)),Sun Mar 19 2023 04:37:48 GMT+0200 (שעון ישראל (חורף)),0
641657f6be6a3dbba0d5f714,Haifa,Haifa2,Onions,Sun Mar 19 2023 02:31:48 GMT+0200 (שעון ישראל (חורף)),Sun Mar 19 2023 03:58:48 GMT+0200 (שעון ישראל (חורף)),0
6416583dbe6a3dbba0d5f716,Haifa,Haifa2,Onions,Sun Mar 19 2023 02:33:00 GMT+0200 (שעון ישראל (חורף)),Sun Mar 19 2023 04:23:00 GMT+0200 (שעון ישראל (חורף)),0
6416592fbe6a3dbba0d5f718,Haifa,Haifa2,Onions,Sun Mar 19 2023 02:36:56 GMT+0200 (שעון ישראל (חורף)),Sun Mar 19 2023 04:34:56 GMT+0200 (שעון ישראל (חורף)),0
64165941be6a3dbba0d5f71a,Haifa,Haifa2,Onions,Sun Mar 19 2023 02:37:19 GMT+0200 (שעון ישראל (חורף)),Sun Mar 19 2023 04:04:19 GMT+0200 (שעון ישראל (חורף)),0
641659c3be6a3dbba0d5f71e,Haifa,Haifa2,Onions,Sun Mar 19 2023 02:39:29 GMT+0200 (שעון ישראל (חורף)),Sun Mar 19 2023 03:01:29 GMT+0200 (שעון ישראל (חורף)),0
641659e1993c386f5091c5ad,Haifa,Haifa2,Onions,Sun Mar 19 2023 02:39:57 GMT+0200 (שעון ישראל (חורף)),Sun Mar 19 2023 05:15:57 GMT+0200 (שעון ישראל (חורף)),0
64165b4bbe6a3dbba0d5f720,Haifa,Haifa2,Onions,Sun Mar 19 2023 02:46:01 GMT+0200 (שעון ישראל (חורף)),Sun Mar 19 2023 04:43:01 GMT+0200 (שעון ישראל (חורף)),0
64165b76be6a3dbba0d5f722,Haifa,Haifa2,Onions,Sun Mar 19 2023 02:46:44 GMT+0200 (שעון ישראל (חורף)),Sun Mar 19 2023 05:22:44 GMT+0200 (שעון ישראל (חורף)),0
64165baebe6a3dbba0d5f724,Haifa,Haifa2,Onions,Sun Mar 19 2023 02:47:33 GMT+0200 (שעון ישראל (חורף)),Sun Mar 19 2023 03:08:33 GMT+0200 (שעון ישראל (חורף)),0
64165bc4bd97cdb764a6cd63,North,North1,,,,0
64165c9416556411c40e0d67,North,North2,Pepperoni,Sun Mar 19 2023 02:51:23 GMT+0200 (שעון ישראל (חורף)),Sun Mar 19 2023 03:43:23 GMT+0200 (שעון ישראל (חורף)),0
64165ce252e70564c65f7e7e,North,North2,Pepperoni,Sun Mar 19 2023 02:52:17 GMT+0200 (שעון ישראל (חורף)),Sun Mar 19 2023 04:33:17 GMT+0200 (שעון ישראל (חורף)),0
64165ce352e70564c65f7e80,North,North2,Pepperoni,Sun Mar 19 2023 02:52:20 GMT+0200 (שעון ישראל (חורף)),Sun Mar 19 2023 04:50:20 GMT+0200 (שעון ישראל (חורף)),0
64165d4ce10a99f1103549c4,North,North2,Pepperoni,Sun Mar 19 2023 02:54:35 GMT+0200 (שעון ישראל (חורף)),Sun Mar 19 2023 04:24:35 GMT+0200 (שעון ישראל (חורף)),0
64165d51e10a99f1103549c6,North,North2,Pepperoni,Sun Mar 19 2023 02:54:41 GMT+0200 (שעון ישראל (חורף)),Sun Mar 19 2023 03:37:41 GMT+0200 (שעון ישראל (חורף)),0
64165db4ce8c0c9bc8e24fa8,North,North2,Pepperoni,Sun Mar 19 2023 02:55:46 GMT+0200 (שעון ישראל (חורף)),Sun Mar 19 2023 03:01:46 GMT+0200 (שעון ישראל (חורף)),0
64165db4ce8c0c9bc8e24faa,North,North2,Pepperoni,Sun Mar 19 2023 02:56:06 GMT+0200 (שעון ישראל (חורף)),Sun Mar 19 2023 05:04:06 GMT+0200 (שעון ישראל (חורף)),0
64165ded7ac918d3a1011c54,North,North2,Pepperoni,Sun Mar 19 2023 02:56:49 GMT+0200 (שעון ישראל (חורף)),Sun Mar 19 2023 04:31:49 GMT+0200 (שעון ישראל (חורף)),0
64166025d902d92e8a669b69,North,North2,Pepperoni,Sun Mar 19 2023 03:06:15 GMT+0200 (שעון ישראל (חורף)),Sun Mar 19 2023 05:44:15 GMT+0200 (שעון ישראל (חורף)),0
64166025d902d92e8a669b6b,North,North2,Pepperoni,Sun Mar 19 2023 03:06:44 GMT+0200 (שעון ישראל (חורף)),Sun Mar 19 2023 04:56:44 GMT+0200 (שעון ישראל (חורף)),0
641660c047d5688531c8244e,Haifa,Haifa2,Onions,Sun Mar 19 2023 03:09:14 GMT+0200 (שעון ישראל (חורף)),Sun Mar 19 2023 05:03:14 GMT+0200 (שעון ישראל (חורף)),0
641661200968a972f177c2f3,Haifa,Haifa2,Onions,Sun Mar 19 2023 03:10:42 GMT+0200 (שעון ישראל (חורף)),Sun Mar 19 2023 04:29:42 GMT+0200 (שעון ישראל (חורף)),0
641661690968a972f177c2f7,Haifa,Haifa1,Tomatoes,Sun Mar 19 2023 03:12:08 GMT+0200 (שעון ישראל (חורף)),Sun Mar 19 2023 03:56:08 GMT+0200 (שעון ישראל (חורף)),0
6416617a71488742fecf3fc7,Haifa,Haifa1,Tomatoes,Sun Mar 19 2023 03:12:15 GMT+0200 (שעון ישראל (חורף)),Sun Mar 19 2023 04:34:15 GMT+0200 (שעון ישראל (חורף)),0
64166209742662a992590988,Haifa,Haifa1,Tomatoes,Sun Mar 19 2023 03:13:18 GMT+0200 (שעון ישראל (חורף)),Sun Mar 19 2023 04:45:18 GMT+0200 (שעון ישראל (חורף)),0
6416712f690fb81c002fa335,North,North2,Pepperoni,Sun Mar 19 2023 04:18:57 GMT+0200 (שעון ישראל (חורף)),Sun Mar 19 2023 04:39:57 GMT+0200 (שעון ישראל (חורף)),0
641717bb668839502639d3a4,North,North2,Onions,Sun Mar 19 2023 16:09:55 GMT+0200 (שעון ישראל (חורף)),Sun Mar 19 2023 18:14:55 GMT+0200 (שעון ישראל (חורף)),0
64171843668839502639d3a6,North,North2,"Tomatoes,Pepperoni",Sun Mar 19 2023 16:12:19 GMT+0200 (שעון ישראל (חורף)),Sun Mar 19 2023 17:48:19 GMT+0200 (שעון ישראל (חורף)),0
64171843668839502639d3a8,North,North2,"Onions,Mushroom",Sun Mar 19 2023 16:12:19 GMT+0200 (שעון ישראל (חורף)),Sun Mar 19 2023 17:15:19 GMT+0200 (שעון ישראל (חורף)),0
64171843668839502639d3b0,North,North2,"Tuna,Tuna",Sun Mar 19 2023 16:12:19 GMT+0200 (שעון ישראל (חורף)),Sun Mar 19 2023 17:25:19 GMT+0200 (שעון ישראל (חורף)),0
64171843668839502639d3ae,North,North2,"Onions,Peppers",Sun Mar 19 2023 16:12:19 GMT+0200 (שעון ישראל (חורף)),Sun Mar 19 2023 17:33:19 GMT+0200 (שעון ישראל (חורף)),0
64171843668839502639d3b4,North,North2,"Tuna,Tomatoes",Sun Mar 19 2023 16:12:19 GMT+0200 (שעון ישראל (חורף)),Sun Mar 19 2023 17:01:19 GMT+0200 (שעון ישראל (חורף)),0
64171843668839502639d3b2,North,North2,"Pepperoni,Tomatoes",Sun Mar 19 2023 16:12:19 GMT+0200 (שעון ישראל (חורף)),Sun Mar 19 2023 17:20:19 GMT+0200 (שעון ישראל (חורף)),0
64171843668839502639d3b8,North,North2,"Mushroom,Mushroom",Sun Mar 19 2023 16:12:19 GMT+0200 (שעון ישראל (חורף)),Sun Mar 19 2023 18:46:19 GMT+0200 (שעון ישראל (חורף)),0
64171843668839502639d3b6,North,North2,"Pepperoni,Tomatoes",Sun Mar 19 2023 16:12:19 GMT+0200 (שעון ישראל (חורף)),Sun Mar 19 2023 18:15:19 GMT+0200 (שעון ישראל (חורף)),0
64171843668839502639d3bc,North,North2,"Tomatoes,Tuna",Sun Mar 19 2023 16:12:19 GMT+0200 (שעון ישראל (חורף)),Sun Mar 19 2023 17:13:19 GMT+0200 (שעון ישראל (חורף)),0
64171843668839502639d3ba,North,North2,"Onions,Mushroom",Sun Mar 19 2023 16:12:19 GMT+0200 (שעון ישראל (חורף)),Sun Mar 19 2023 18:17:19 GMT+0200 (שעון ישראל (חורף)),0
64171843668839502639d3aa,North,North2,"Tuna,Tomatoes",Sun Mar 19 2023 16:12:19 GMT+0200 (שעון ישראל (חורף)),Sun Mar 19 2023 16:23:19 GMT+0200 (שעון ישראל (חורף)),0
64171843668839502639d3ac,North,North2,"Pepperoni,Mushroom",Sun Mar 19 2023 16:12:19 GMT+0200 (שעון ישראל (חורף)),Sun Mar 19 2023 16:55:19 GMT+0200 (שעון ישראל (חורף)),0
6417184a668839502639d3be,North,North2,"Mushroom,Pepperoni",Sun Mar 19 2023 16:12:19 GMT+0200 (שעון ישראל (חורף)),Sun Mar 19 2023 17:34:19 GMT+0200 (שעון ישראל (חורף)),0
6417184a668839502639d3c0,North,North2,"Onions,Tomatoes",Sun Mar 19 2023 16:12:19 GMT+0200 (שעון ישראל (חורף)),Sun Mar 19 2023 18:00:19 GMT+0200 (שעון ישראל (חורף)),0
6417184a668839502639d3c2,North,North2,"Tuna,Pepperoni",Sun Mar 19 2023 16:12:19 GMT+0200 (שעון ישראל (חורף)),Sun Mar 19 2023 16:18:19 GMT+0200 (שעון ישראל (חורף)),0
6417184a668839502639d3c4,North,North2,"Onions,Tomatoes",Sun Mar 19 2023 16:12:19 GMT+0200 (שעון ישראל (חורף)),Sun Mar 19 2023 18:42:19 GMT+0200 (שעון ישראל (חורף)),0
6417184a668839502639d3c6,North,North2,"Peppers,Mushroom",Sun Mar 19 2023 16:12:19 GMT+0200 (שעון ישראל (חורף)),Sun Mar 19 2023 16:16:19 GMT+0200 (שעון ישראל (חורף)),0
6417184a668839502639d3c8,North,North2,"Peppers,Tuna",Sun Mar 19 2023 16:12:19 GMT+0200 (שעון ישראל (חורף)),Sun Mar 19 2023 16:36:19 GMT+0200 (שעון ישראל (חורף)),0
6417184a668839502639d3ca,North,North2,"Onions,Onions",Sun Mar 19 2023 16:12:19 GMT+0200 (שעון ישראל (חורף)),Sun Mar 19 2023 16:23:19 GMT+0200 (שעון ישראל (חורף)),0
6417184a668839502639d3cc,North,North2,"Tomatoes,Tuna",Sun Mar 19 2023 16:12:19 GMT+0200 (שעון ישראל (חורף)),Sun Mar 19 2023 18:02:19 GMT+0200 (שעון ישראל (חורף)),0
6417184a668839502639d3ce,North,North2,"Tuna,Peppers",Sun Mar 19 2023 16:12:19 GMT+0200 (שעון ישראל (חורף)),Sun Mar 19 2023 18:25:19 GMT+0200 (שעון ישראל (חורף)),0
6417191db44204159fe4f510,North,North2,Onions,Sun Mar 19 2023 16:15:56 GMT+0200 (שעון ישראל (חורף)),Sun Mar 19 2023 18:37:56 GMT+0200 (שעון ישראל (חורף)),0
6417194dd983eaf38b3f4f5d,North,North2,Onions,Sun Mar 19 2023 16:16:36 GMT+0200 (שעון ישראל (חורף)),Sun Mar 19 2023 16:53:36 GMT+0200 (שעון ישראל (חורף)),0
64172d060020e0be35dc0881,Central,Central2,Onions,Sun Mar 19 2023 17:40:54 GMT+0200 (שעון ישראל (חורף)),Sun Mar 19 2023 20:14:54 GMT+0200 (שעון ישראל (חורף)),0
64172d3c0020e0be35dc0885,Central,Central2,"Mushroom,Mushroom",Sun Mar 19 2023 17:41:48 GMT+0200 (שעון ישראל (חורף)),Sun Mar 19 2023 17:41:48 GMT+0200 (שעון ישראל (חורף)),0
64172d3c0020e0be35dc0887,Central,Central2,"Mushroom,Tuna",Sun Mar 19 2023 17:41:48 GMT+0200 (שעון ישראל (חורף)),Sun Mar 19 2023 19:13:48 GMT+0200 (שעון ישראל (חורף)),0
64172d3ed72586bc3f2813b2,Central,Central2,"Peppers,Tomatoes",Sun Mar 19 2023 17:41:48 GMT+0200 (שעון ישראל (חורף)),Sun Mar 19 2023 19:11:48 GMT+0200 (שעון ישראל (חורף)),0
64172d3ed72586bc3f2813b4,Central,Central2,"Onions,Pepperoni",Sun Mar 19 2023 17:41:48 GMT+0200 (שעון ישראל (חורף)),Sun Mar 19 2023 18:21:48 GMT+0200 (שעון ישראל (חורף)),0
64172d3c0020e0be35dc088d,Central,Central2,"Pepperoni,Peppers",Sun Mar 19 2023 17:41:48 GMT+0200 (שעון ישראל (חורף)),Sun Mar 19 2023 19:20:48 GMT+0200 (שעון ישראל (חורף)),0
64172d3ed72586bc3f2813b8,Central,Central2,"Peppers,Peppers",Sun Mar 19 2023 17:41:48 GMT+0200 (שעון ישראל (חורף)),Sun Mar 19 2023 19:30:48 GMT+0200 (שעון ישראל (חורף)),0
64172d3c0020e0be35dc088f,Central,Central2,"Tuna,Pepperoni",Sun Mar 19 2023 17:41:48 GMT+0200 (שעון ישראל (חורף)),Sun Mar 19 2023 18:21:48 GMT+0200 (שעון ישראל (חורף)),0
64172d3c0020e0be35dc088b,Central,Central2,"Onions,Pepperoni",Sun Mar 19 2023 17:41:48 GMT+0200 (שעון ישראל (חורף)),Sun Mar 19 2023 18:11:48 GMT+0200 (שעון ישראל (חורף)),0
64172d3ed72586bc3f2813b6,Central,Central2,"Peppers,Pepperoni",Sun Mar 19 2023 17:41:48 GMT+0200 (שעון ישראל (חורף)),Sun Mar 19 2023 19:33:48 GMT+0200 (שעון ישראל (חורף)),0
64172d3c0020e0be35dc0889,Central,Central2,"Pepperoni,Tuna",Sun Mar 19 2023 17:41:48 GMT+0200 (שעון ישראל (חורף)),Sun Mar 19 2023 19:08:48 GMT+0200 (שעון ישראל (חורף)),0
64174a5fe71781f680dd6b8d,Haifa,Haifa2,Onions,Sun Mar 19 2023 19:46:06 GMT+0200 (שעון ישראל (חורף)),Sun Mar 19 2023 20:59:06 GMT+0200 (שעון ישראל (חורף)),0
641757b3548f627aa309a121,North,North2,"Pepperoni,Mushroom",Sun Mar 19 2023 20:42:56 GMT+0200 (שעון ישראל (חורף)),Sun Mar 19 2023 21:34:56 GMT+0200 (שעון ישראל (חורף)),0
6417594d548f627aa309a123,North,North2,"Pepperoni,Mushroom",Sun Mar 19 2023 20:49:42 GMT+0200 (שעון ישראל (חורף)),Sun Mar 19 2023 23:17:42 GMT+0200 (שעון ישראל (חורף)),0
6417597017b087d8af49c0bc,North,North2,"Pepperoni,Mushroom",Sun Mar 19 2023 20:50:24 GMT+0200 (שעון ישראל (חורף)),Sun Mar 19 2023 21:00:24 GMT+0200 (שעון ישראל (חורף)),0
641759ae548f627aa309a125,North,North2,"Pepperoni,Mushroom",Sun Mar 19 2023 20:51:23 GMT+0200 (שעון ישראל (חורף)),Sun Mar 19 2023 23:19:23 GMT+0200 (שעון ישראל (חורף)),0
64175a09548f627aa309a127,North,North1,"Pepperoni,Mushroom,Tomatoes",Sun Mar 19 2023 20:52:46 GMT+0200 (שעון ישראל (חורף)),Sun Mar 19 2023 21:27:46 GMT+0200 (שעון ישראל (חורף)),0
64175a76548f627aa309a129,Haifa,Haifa2,"Pepperoni,Mushroom,Tomatoes",Sun Mar 19 2023 20:54:29 GMT+0200 (שעון ישראל (חורף)),Sun Mar 19 2023 22:04:29 GMT+0200 (שעון ישראל (חורף)),0
64175a881ead53fbcae7787e,Haifa,Haifa2,"Pepperoni,Mushroom,Tomatoes",Sun Mar 19 2023 20:55:04 GMT+0200 (שעון ישראל (חורף)),Sun Mar 19 2023 21:27:04 GMT+0200 (שעון ישראל (חורף)),0
64175b30f4a6b0b6703c59dd,Haifa,Haifa2,"Pepperoni,Mushroom,Tomatoes,Onions",Sun Mar 19 2023 20:56:58 GMT+0200 (שעון ישראל (חורף)),Sun Mar 19 2023 21:24:58 GMT+0200 (שעון ישראל (חורף)),0
64175bcbf4a6b0b6703c59df,Haifa,Haifa2,"Pepperoni,Mushroom,Tomatoes,Onions",Sun Mar 19 2023 21:00:27 GMT+0200 (שעון ישראל (חורף)),Sun Mar 19 2023 21:09:27 GMT+0200 (שעון ישראל (חורף)),0
64175be1f4a6b0b6703c59e1,Central,Central2,"Pepperoni,Tomatoes,Onions",Sun Mar 19 2023 21:00:49 GMT+0200 (שעון ישראל (חורף)),Sun Mar 19 2023 22:19:49 GMT+0200 (שעון ישראל (חורף)),0
64175c1b548f627aa309a12b,Central,Central2,"Pepperoni,Tomatoes,Onions",Sun Mar 19 2023 21:01:48 GMT+0200 (שעון ישראל (חורף)),Sun Mar 19 2023 22:28:48 GMT+0200 (שעון ישראל (חורף)),0
64175c1f548f627aa309a12d,Central,Central2,"Pepperoni,Tomatoes,Onions",Sun Mar 19 2023 21:01:53 GMT+0200 (שעון ישראל (חורף)),Sun Mar 19 2023 23:17:53 GMT+0200 (שעון ישראל (חורף)),0
64175c29f4a6b0b6703c59e3,Central,Central3,"Pepperoni,Tomatoes,Onions",Sun Mar 19 2023 21:02:01 GMT+0200 (שעון ישראל (חורף)),Sun Mar 19 2023 23:05:01 GMT+0200 (שעון ישראל (חורף)),0
64175ca81d149f6031094af3,Central,Central3,"Pepperoni,Tomatoes,Onions",Sun Mar 19 2023 21:03:46 GMT+0200 (שעון ישראל (חורף)),Sun Mar 19 2023 22:03:46 GMT+0200 (שעון ישראל (חורף)),0
64175ca81d149f6031094af5,Central,Central3,"Pepperoni,Tomatoes,Onions",Sun Mar 19 2023 21:04:07 GMT+0200 (שעון ישראל (חורף)),Sun Mar 19 2023 22:28:07 GMT+0200 (שעון ישראל (חורף)),0
64175ccf548f627aa309a12f,Central,Central3,"Pepperoni,Tomatoes,Onions",Sun Mar 19 2023 21:04:48 GMT+0200 (שעון ישראל (חורף)),Sun Mar 19 2023 23:21:48 GMT+0200 (שעון ישראל (חורף)),0
64175cdbea1c561930df4bcb,Dan,Dan1,"Pepperoni,Tomatoes,Onions",Sun Mar 19 2023 21:04:58 GMT+0200 (שעון ישראל (חורף)),Sun Mar 19 2023 22:55:58 GMT+0200 (שעון ישראל (חורף)),0
64175ce2548f627aa309a131,Dan,Dan2,"Pepperoni,Tomatoes,Onions",Sun Mar 19 2023 21:05:07 GMT+0200 (שעון ישראל (חורף)),Sun Mar 19 2023 21:18:07 GMT+0200 (שעון ישראל (חורף)),0
64175d1f548f627aa309a133,Dan,Dan2,"Pepperoni,Tomatoes,Onions",Sun Mar 19 2023 21:06:01 GMT+0200 (שעון ישראל (חורף)),Sun Mar 19 2023 21:22:01 GMT+0200 (שעון ישראל (חורף)),0
64175d2e548f627aa309a135,Dan,Dan2,"Pepperoni,Tomatoes,Onions",Sun Mar 19 2023 21:06:24 GMT+0200 (שעון ישראל (חורף)),Sun Mar 19 2023 21:47:24 GMT+0200 (שעון ישראל (חורף)),0
64175e16548f627aa309a139,North,North2,"Onions,Pepperoni",Sun Mar 19 2023 21:10:04 GMT+0200 (שעון ישראל (חורף)),Sun Mar 19 2023 23:12:04 GMT+0200 (שעון ישראל (חורף)),0
64175e16548f627aa309a137,North,North2,"Mushroom,Mushroom",Sun Mar 19 2023 21:10:04 GMT+0200 (שעון ישראל (חורף)),Sun Mar 19 2023 23:10:04 GMT+0200 (שעון ישראל (חורף)),0
64175e187e49ad98993d30b0,North,North2,"Tomatoes,Peppers",Sun Mar 19 2023 21:10:04 GMT+0200 (שעון ישראל (חורף)),Sun Mar 19 2023 21:28:04 GMT+0200 (שעון ישראל (חורף)),0
64175e16548f627aa309a13f,North,North2,"Pepperoni,Mushroom",Sun Mar 19 2023 21:10:04 GMT+0200 (שעון ישראל (חורף)),Sun Mar 19 2023 21:52:04 GMT+0200 (שעון ישראל (חורף)),0
64175e16548f627aa309a141,North,North2,"Peppers,Tuna",Sun Mar 19 2023 21:10:04 GMT+0200 (שעון ישראל (חורף)),Sun Mar 19 2023 22:11:04 GMT+0200 (שעון ישראל (חורף)),0
64175e16548f627aa309a145,North,North2,"Mushroom,Onions",Sun Mar 19 2023 21:10:04 GMT+0200 (שעון ישראל (חורף)),Sun Mar 19 2023 21:44:04 GMT+0200 (שעון ישראל (חורף)),0
64175e16548f627aa309a143,North,North2,"Tomatoes,Tomatoes",Sun Mar 19 2023 21:10:04 GMT+0200 (שעון ישראל (חורף)),Sun Mar 19 2023 21:27:04 GMT+0200 (שעון ישראל (חורף)),0
64175e187e49ad98993d30b2,North,North2,"Onions,Tomatoes",Sun Mar 19 2023 21:10:04 GMT+0200 (שעון ישראל (חורף)),Sun Mar 19 2023 22:02:04 GMT+0200 (שעון ישראל (חורף)),0
64175e187e49ad98993d30b4,North,North2,"Peppers,Peppers",Sun Mar 19 2023 21:10:04 GMT+0200 (שעון ישראל (חורף)),Sun Mar 19 2023 21:12:04 GMT+0200 (שעון ישראל (חורף)),0
64175e16548f627aa309a13b,North,North2,"Pepperoni,Tuna",Sun Mar 19 2023 21:10:04 GMT+0200 (שעון ישראל (חורף)),Sun Mar 19 2023 21:27:04 GMT+0200 (שעון ישראל (חורף)),0
64175e16548f627aa309a13d,North,North2,"Peppers,Pepperoni",Sun Mar 19 2023 21:10:04 GMT+0200 (שעון ישראל (חורף)),Sun Mar 19 2023 21:35:04 GMT+0200 (שעון ישראל (חורף)),0
64175e187e49ad98993d30b6,North,North2,"Peppers,Onions",Sun Mar 19 2023 21:10:04 GMT+0200 (שעון ישראל (חורף)),Sun Mar 19 2023 22:32:04 GMT+0200 (שעון ישראל (חורף)),0
64175eb510096f9c8163a63e,North,North2,"Mushroom,Pepperoni",Sun Mar 19 2023 21:12:42 GMT+0200 (שעון ישראל (חורף)),Sun Mar 19 2023 21:58:42 GMT+0200 (שעון ישראל (חורף)),0
64175eb4548f627aa309a147,North,North2,"Peppers,Tomatoes",Sun Mar 19 2023 21:12:42 GMT+0200 (שעון ישראל (חורף)),Sun Mar 19 2023 21:36:42 GMT+0200 (שעון ישראל (חורף)),0
64175eb4548f627aa309a149,North,North2,"Mushroom,Onions",Sun Mar 19 2023 21:12:42 GMT+0200 (שעון ישראל (חורף)),Sun Mar 19 2023 22:37:42 GMT+0200 (שעון ישראל (חורף)),0
64175eb4548f627aa309a14b,North,North2,"Peppers,Mushroom",Sun Mar 19 2023 21:12:42 GMT+0200 (שעון ישראל (חורף)),Sun Mar 19 2023 22:36:42 GMT+0200 (שעון ישראל (חורף)),0
64175eb510096f9c8163a640,North,North2,"Pepperoni,Tomatoes",Sun Mar 19 2023 21:12:42 GMT+0200 (שעון ישראל (חורף)),Sun Mar 19 2023 21:49:42 GMT+0200 (שעון ישראל (חורף)),0
64175eb4548f627aa309a14d,North,North2,"Tuna,Peppers",Sun Mar 19 2023 21:12:42 GMT+0200 (שעון ישראל (חורף)),Sun Mar 19 2023 22:37:42 GMT+0200 (שעון ישראל (חורף)),0
64175eb610096f9c8163a646,North,North2,"Peppers,Peppers",Sun Mar 19 2023 21:12:42 GMT+0200 (שעון ישראל (חורף)),Sun Mar 19 2023 21:32:42 GMT+0200 (שעון ישראל (חורף)),0
64175eb610096f9c8163a648,North,North2,"Onions,Mushroom",Sun Mar 19 2023 21:12:42 GMT+0200 (שעון ישראל (חורף)),Sun Mar 19 2023 22:46:42 GMT+0200 (שעון ישראל (חורף)),0
64175eb4548f627aa309a151,North,North2,"Tuna,Mushroom",Sun Mar 19 2023 21:12:42 GMT+0200 (שעון ישראל (חורף)),Sun Mar 19 2023 22:10:42 GMT+0200 (שעון ישראל (חורף)),0
64175eb4548f627aa309a14f,North,North2,"Tuna,Pepperoni",Sun Mar 19 2023 21:12:42 GMT+0200 (שעון ישראל (חורף)),Sun Mar 19 2023 21:18:42 GMT+0200 (שעון ישראל (חורף)),0
64175eb610096f9c8163a644,North,North2,"Tuna,Peppers",Sun Mar 19 2023 21:12:42 GMT+0200 (שעון ישראל (חורף)),Sun Mar 19 2023 23:10:42 GMT+0200 (שעון ישראל (חורף)),0
64175eb610096f9c8163a642,North,North2,"Pepperoni,Tuna",Sun Mar 19 2023 21:12:42 GMT+0200 (שעון ישראל (חורף)),Sun Mar 19 2023 21:52:42 GMT+0200 (שעון ישראל (חורף)),0
64175ebc548f627aa309a153,Dan,Dan2,"Tuna,Pepperoni",Sun Mar 19 2023 21:13:01 GMT+0200 (שעון ישראל (חורף)),Sun Mar 19 2023 23:02:01 GMT+0200 (שעון ישראל (חורף)),0
64175f22280462f4433d5733,North,North1,"Tuna,Pepperoni",Sun Mar 19 2023 21:14:42 GMT+0200 (שעון ישראל (חורף)),Sun Mar 19 2023 23:53:42 GMT+0200 (שעון ישראל (חורף)),0
64175f3a548f627aa309a155,North,North1,"Tuna,Pepperoni",Sun Mar 19 2023 21:15:08 GMT+0200 (שעון ישראל (חורף)),Sun Mar 19 2023 22:43:08 GMT+0200 (שעון ישראל (חורף)),0
64175f89783f955cea7cf06c,North,North1,"Tuna,Pepperoni",Sun Mar 19 2023 21:16:16 GMT+0200 (שעון ישראל (חורף)),Sun Mar 19 2023 21:17:16 GMT+0200 (שעון ישראל (חורף)),0
64175f9e783f955cea7cf06e,North,North2,"Tuna,Pepperoni,Tomatoes",Sun Mar 19 2023 21:16:38 GMT+0200 (שעון ישראל (חורף)),Sun Mar 19 2023 22:42:38 GMT+0200 (שעון ישראל (חורף)),0
64176028845271620d65651b,Central,Central1,"Tuna,Pepperoni,Tomatoes",Sun Mar 19 2023 21:17:53 GMT+0200 (שעון ישראל (חורף)),Sun Mar 19 2023 22:12:53 GMT+0200 (שעון ישראל (חורף)),0
64176079cb5ae56d227ca313,Central,Central1,"Tuna,Pepperoni,Tomatoes",Sun Mar 19 2023 21:20:05 GMT+0200 (שעון ישראל (חורף)),Sun Mar 19 2023 23:33:05 GMT+0200 (שעון ישראל (חורף)),0
6417615f859cb47482a604e5,North,North1,"Tuna,Pepperoni,Tomatoes",Sun Mar 19 2023 21:24:06 GMT+0200 (שעון ישראל (חורף)),Sun Mar 19 2023 23:11:06 GMT+0200 (שעון ישראל (חורף)),0
6417615f859cb47482a604e7,Central,Central1,"Tuna,Pepperoni,Tomatoes",Sun Mar 19 2023 21:23:47 GMT+0200 (שעון ישראל (חורף)),Sun Mar 19 2023 23:21:47 GMT+0200 (שעון ישראל (חורף)),0
641761c33707b2b86735c3c5,North,North1,"Tuna,Pepperoni",Sun Mar 19 2023 21:25:26 GMT+0200 (שעון ישראל (חורף)),Sun Mar 19 2023 22:25:26 GMT+0200 (שעון ישראל (חורף)),0
641762221ae38a94c40bba78,North,North1,"Tuna,Pepperoni",Sun Mar 19 2023 21:27:09 GMT+0200 (שעון ישראל (חורף)),Sun Mar 19 2023 23:16:09 GMT+0200 (שעון ישראל (חורף)),0
6417622a1ae38a94c40bba7a,North,North1,"Tuna,Pepperoni",Sun Mar 19 2023 21:27:37 GMT+0200 (שעון ישראל (חורף)),Sun Mar 19 2023 21:43:37 GMT+0200 (שעון ישראל (חורף)),0
641762be5828052b34db4162,North,North1,"Tuna,Pepperoni",Sun Mar 19 2023 21:30:05 GMT+0200 (שעון ישראל (חורף)),Sun Mar 19 2023 23:29:05 GMT+0200 (שעון ישראל (חורף)),0
641762c65828052b34db4164,Haifa,North1,"Tuna,Pepperoni",Sun Mar 19 2023 21:30:13 GMT+0200 (שעון ישראל (חורף)),Sun Mar 19 2023 22:16:13 GMT+0200 (שעון ישראל (חורף)),0
641762c95828052b34db4166,Haifa,Haifa2,"Tuna,Pepperoni",Sun Mar 19 2023 21:30:16 GMT+0200 (שעון ישראל (חורף)),Sun Mar 19 2023 22:16:16 GMT+0200 (שעון ישראל (חורף)),0
641763420f59f5f1d57a9f49,Haifa,Haifa2,"Tuna,Pepperoni",Sun Mar 19 2023 21:31:58 GMT+0200 (שעון ישראל (חורף)),Sun Mar 19 2023 22:10:58 GMT+0200 (שעון ישראל (חורף)),0
6417645cc8543a4fb39932a3,Haifa,Haifa2,"Tuna,Pepperoni",Sun Mar 19 2023 21:37:02 GMT+0200 (שעון ישראל (חורף)),Sun Mar 19 2023 23:15:02 GMT+0200 (שעון ישראל (חורף)),0
641764adceb864f53bb37dcf,Haifa,Haifa2,"Tuna,Pepperoni",Sun Mar 19 2023 21:37:41 GMT+0200 (שעון ישראל (חורף)),Sun Mar 19 2023 21:56:41 GMT+0200 (שעון ישראל (חורף)),0
641764abc09821e7d74e2495,Central,Central2,"Tuna,Pepperoni",Sun Mar 19 2023 21:38:08 GMT+0200 (שעון ישראל (חורף)),Sun Mar 19 2023 22:10:08 GMT+0200 (שעון ישראל (חורף)),0
641764b7ceb864f53bb37dd5,Central,Central2,"Tuna,Pepperoni",Sun Mar 19 2023 21:38:30 GMT+0200 (שעון ישראל (חורף)),Sun Mar 19 2023 21:48:30 GMT+0200 (שעון ישראל (חורף)),0
64176557efe9f8081200175e,Central,Central2,"Tuna,Pepperoni",Sun Mar 19 2023 21:40:32 GMT+0200 (שעון ישראל (חורף)),Sun Mar 19 2023 22:51:32 GMT+0200 (שעון ישראל (חורף)),0
64176579efe9f80812001760,North,North1,"Tuna,Pepperoni",Sun Mar 19 2023 21:41:44 GMT+0200 (שעון ישראל (חורף)),Sun Mar 19 2023 22:32:44 GMT+0200 (שעון ישראל (חורף)),0
6417657defe9f80812001762,Haifa,Haifa3,"Tuna,Pepperoni",Sun Mar 19 2023 21:41:49 GMT+0200 (שעון ישראל (חורף)),Sun Mar 19 2023 22:41:49 GMT+0200 (שעון ישראל (חורף)),0
64176580340f7dff3a8d0022,Dan,Dan2,"Tuna,Pepperoni",Sun Mar 19 2023 21:41:53 GMT+0200 (שעון ישראל (חורף)),Sun Mar 19 2023 22:28:53 GMT+0200 (שעון ישראל (חורף)),0
64176584340f7dff3a8d0024,South,South2,"Tuna,Pepperoni",Sun Mar 19 2023 21:41:57 GMT+0200 (שעון ישראל (חורף)),Sun Mar 19 2023 22:46:57 GMT+0200 (שעון ישראל (חורף)),0
641768107002241c202ff18e,Dan,Dan1,"Tuna,Pepperoni",Sun Mar 19 2023 21:52:48 GMT+0200 (שעון ישראל (חורף)),Sun Mar 19 2023 23:41:48 GMT+0200 (שעון ישראל (חורף)),0
641768147002241c202ff190,South,South1,"Tuna,Pepperoni",Sun Mar 19 2023 21:52:52 GMT+0200 (שעון ישראל (חורף)),Sun Mar 19 2023 23:49:52 GMT+0200 (שעון ישראל (חורף)),0
64176abe0bc0929e1e366f03,Central,Central1,"Pepperoni,Tomatoes,Onions",Sun Mar 19 2023 22:04:12 GMT+0200 (שעון ישראל (חורף)),Sun Mar 19 2023 23:36:12 GMT+0200 (שעון ישראל (חורף)),0
64176acb3d0d1600d3ab3c4d,Central,Central1,"Pepperoni,Tomatoes,Onions",Sun Mar 19 2023 22:04:27 GMT+0200 (שעון ישראל (חורף)),Mon Mar 20 2023 00:17:27 GMT+0200 (שעון ישראל (חורף)),0
64176b330bc0929e1e366f05,Central,Central1,"Pepperoni,Tomatoes,Onions",Sun Mar 19 2023 22:06:02 GMT+0200 (שעון ישראל (חורף)),Sun Mar 19 2023 22:43:02 GMT+0200 (שעון ישראל (חורף)),0
64176b5d7bf9b87304accea6,Central,Central1,"Pepperoni,Tomatoes,Onions",Sun Mar 19 2023 22:06:52 GMT+0200 (שעון ישראל (חורף)),Sun Mar 19 2023 23:54:52 GMT+0200 (שעון ישראל (חורף)),0
64176c03c56e274758a7012e,Central,Central1,"Pepperoni,Tomatoes,Onions",Sun Mar 19 2023 22:09:34 GMT+0200 (שעון ישראל (חורף)),Mon Mar 20 2023 00:15:34 GMT+0200 (שעון ישראל (חורף)),0
64176c93c04e79c16a8c43e3,Central,Central2,"Pepperoni,Tomatoes,Onions",Sun Mar 19 2023 22:11:50 GMT+0200 (שעון ישראל (חורף)),Sun Mar 19 2023 23:10:50 GMT+0200 (שעון ישראל (חורף)),0
64176c93c04e79c16a8c43e1,Central,Central1,"Pepperoni,Tomatoes,Onions",Sun Mar 19 2023 22:11:29 GMT+0200 (שעון ישראל (חורף)),Sun Mar 19 2023 23:11:29 GMT+0200 (שעון ישראל (חורף)),0
64176ca7c04e79c16a8c43e5,Central,Central2,"Pepperoni,Tomatoes,Onions",Sun Mar 19 2023 22:12:23 GMT+0200 (שעון ישראל (חורף)),Sun Mar 19 2023 22:13:23 GMT+0200 (שעון ישראל (חורף)),0
6418641fbff8c50c2f98cb58,Haifa,Haifa1,Tomatoes,Mon Mar 20 2023 15:47:44 GMT+0200 (שעון ישראל (חורף)),Mon Mar 20 2023 18:07:44 GMT+0200 (שעון ישראל (חורף)),0
6418674f6d260089578eea3c,Haifa,Haifa1,Tomatoes,Mon Mar 20 2023 16:01:38 GMT+0200 (שעון ישראל (חורף)),Mon Mar 20 2023 17:06:38 GMT+0200 (שעון ישראל (חורף)),0
641867a46d260089578eea3e,Haifa,Haifa1,Tomatoes,Mon Mar 20 2023 16:02:43 GMT+0200 (שעון ישראל (חורף)),Mon Mar 20 2023 17:28:43 GMT+0200 (שעון ישראל (חורף)),0
641867d538a7e2547896000c,Haifa,Haifa1,Tomatoes,Mon Mar 20 2023 16:02:43 GMT+0200 (שעון ישראל (חורף)),Mon Mar 20 2023 17:28:43 GMT+0200 (שעון ישראל (חורף)),0
6418683338a7e2547896000e,Haifa,Haifa1,Tomatoes,Mon Mar 20 2023 16:05:38 GMT+0200 (שעון ישראל (חורף)),Mon Mar 20 2023 16:50:38 GMT+0200 (שעון ישראל (חורף)),0
64186a2e18917881aae7f5e1,North,North2,"Tomatoes,Peppers,Mushroom",Mon Mar 20 2023 16:13:54 GMT+0200 (שעון ישראל (חורף)),Mon Mar 20 2023 16:19:54 GMT+0200 (שעון ישראל (חורף)),0
64186a5518917881aae7f5e5,North,North2,"Tomatoes,Peppers,Mushroom",Mon Mar 20 2023 16:14:40 GMT+0200 (שעון ישראל (חורף)),Mon Mar 20 2023 18:15:40 GMT+0200 (שעון ישראל (חורף)),0
64186b8a7df04c4b30c18c45,Haifa,Haifa1,Tomatoes,Mon Mar 20 2023 16:19:53 GMT+0200 (שעון ישראל (חורף)),Mon Mar 20 2023 16:36:53 GMT+0200 (שעון ישראל (חורף)),0
64186bbe7df04c4b30c18c47,Haifa,Haifa1,Tomatoes,Mon Mar 20 2023 16:20:44 GMT+0200 (שעון ישראל (חורף)),Mon Mar 20 2023 17:33:44 GMT+0200 (שעון ישראל (חורף)),0
64186be47df04c4b30c18c49,South,South1,Tomatoes,Mon Mar 20 2023 16:21:24 GMT+0200 (שעון ישראל (חורף)),Mon Mar 20 2023 17:32:24 GMT+0200 (שעון ישראל (חורף)),0
64186dbf7df04c4b30c18c4b,Haifa,Haifa1,Tomatoes,Mon Mar 20 2023 16:29:15 GMT+0200 (שעון ישראל (חורף)),Mon Mar 20 2023 17:42:15 GMT+0200 (שעון ישראל (חורף)),0
64186ec07df04c4b30c18c4d,Haifa,Haifa1,Tomatoes,Mon Mar 20 2023 16:33:35 GMT+0200 (שעון ישראל (חורף)),Mon Mar 20 2023 18:00:35 GMT+0200 (שעון ישראל (חורף)),0
6418718e963570ea19129a61,Haifa,Haifa1,Tomatoes,Mon Mar 20 2023 16:45:32 GMT+0200 (שעון ישראל (חורף)),Mon Mar 20 2023 18:24:32 GMT+0200 (שעון ישראל (חורף)),0
641871bb963570ea19129a65,North,North2,"Tomatoes,Peppers,Mushroom",Mon Mar 20 2023 16:44:31 GMT+0200 (שעון ישראל (חורף)),Mon Mar 20 2023 18:03:31 GMT+0200 (שעון ישראל (חורף)),0
641871bb963570ea19129a67,North,North3,"Tomatoes,Peppers,Mushroom",Mon Mar 20 2023 16:45:57 GMT+0200 (שעון ישראל (חורף)),Mon Mar 20 2023 17:26:57 GMT+0200 (שעון ישראל (חורף)),0
641871bb963570ea19129a69,North,North3,"Tomatoes,Peppers,Mushroom",Mon Mar 20 2023 16:46:10 GMT+0200 (שעון ישראל (חורף)),Mon Mar 20 2023 18:28:10 GMT+0200 (שעון ישראל (חורף)),0
641871bb963570ea19129a6b,North,North3,"Tomatoes,Peppers,Mushroom",Mon Mar 20 2023 16:45:48 GMT+0200 (שעון ישראל (חורף)),Mon Mar 20 2023 18:31:48 GMT+0200 (שעון ישראל (חורף)),0
641871f6c37a432f778eb642,Haifa,Haifa1,Tomatoes,Mon Mar 20 2023 16:47:14 GMT+0200 (שעון ישראל (חורף)),Mon Mar 20 2023 19:22:14 GMT+0200 (שעון ישראל (חורף)),0
6418731273fefd51318a0ee5,North,North3,"Tomatoes,Peppers,Mushroom",Mon Mar 20 2023 16:52:00 GMT+0200 (שעון ישראל (חורף)),Mon Mar 20 2023 17:18:00 GMT+0200 (שעון ישראל (חורף)),0
6418736073fefd51318a0ee7,North,North3,"Tomatoes,Peppers,Mushroom",Mon Mar 20 2023 16:53:16 GMT+0200 (שעון ישראל (חורף)),Mon Mar 20 2023 18:31:16 GMT+0200 (שעון ישראל (חורף)),0
641876ef66a3e16695bd99a6,North,North3,"Tomatoes,Peppers,Mushroom",Mon Mar 20 2023 17:08:24 GMT+0200 (שעון ישראל (חורף)),Mon Mar 20 2023 19:38:24 GMT+0200 (שעון ישראל (חורף)),0
641876f766a3e16695bd99a8,North,North3,"Tomatoes,Peppers,Mushroom",Mon Mar 20 2023 17:08:39 GMT+0200 (שעון ישראל (חורף)),Mon Mar 20 2023 19:41:39 GMT+0200 (שעון ישראל (חורף)),0
6418775085409144b6cbe593,North,North3,"Tomatoes,Peppers,Mushroom",Mon Mar 20 2023 17:10:06 GMT+0200 (שעון ישראל (חורף)),Mon Mar 20 2023 18:02:06 GMT+0200 (שעון ישראל (חורף)),0
641878d385409144b6cbe595,North,North3,"Tomatoes,Peppers,Mushroom",Mon Mar 20 2023 17:16:35 GMT+0200 (שעון ישראל (חורף)),Mon Mar 20 2023 17:49:35 GMT+0200 (שעון ישראל (חורף)),0
641878d985409144b6cbe597,North,North3,"Tomatoes,Peppers,Mushroom",Mon Mar 20 2023 17:16:41 GMT+0200 (שעון ישראל (חורף)),Mon Mar 20 2023 19:55:41 GMT+0200 (שעון ישראל (חורף)),0
641878ef85409144b6cbe599,North,North3,"Tomatoes,Peppers,Mushroom",Mon Mar 20 2023 17:17:02 GMT+0200 (שעון ישראל (חורף)),Mon Mar 20 2023 18:57:02 GMT+0200 (שעון ישראל (חורף)),0
641879bb85409144b6cbe59b,North,North3,"Tomatoes,Peppers,Mushroom",Mon Mar 20 2023 17:20:27 GMT+0200 (שעון ישראל (חורף)),Mon Mar 20 2023 19:25:27 GMT+0200 (שעון ישראל (חורף)),0
64187a6a85409144b6cbe59d,North,North3,"Tomatoes,Peppers,Mushroom",Mon Mar 20 2023 17:23:15 GMT+0200 (שעון ישראל (חורף)),Mon Mar 20 2023 17:32:15 GMT+0200 (שעון ישראל (חורף)),0
64189aab6c62bc497b8a184c,North,North1,Onions,Mon Mar 20 2023 19:40:36 GMT+0200 (שעון ישראל (חורף)),Mon Mar 20 2023 22:11:36 GMT+0200 (שעון ישראל (חורף)),0
64189ae56c62bc497b8a184e,Haifa,Haifa1,"Peppers,Mushroom",Mon Mar 20 2023 19:41:57 GMT+0200 (שעון ישראל (חורף)),Mon Mar 20 2023 19:50:57 GMT+0200 (שעון ישראל (חורף)),0
64189ae56c62bc497b8a1850,Haifa,Haifa1,"Peppers,Onions",Mon Mar 20 2023 19:41:57 GMT+0200 (שעון ישראל (חורף)),Mon Mar 20 2023 22:04:57 GMT+0200 (שעון ישראל (חורף)),0
64189ae66c62bc497b8a1856,Haifa,Haifa1,"Pepperoni,Peppers",Mon Mar 20 2023 19:41:57 GMT+0200 (שעון ישראל (חורף)),Mon Mar 20 2023 21:40:57 GMT+0200 (שעון ישראל (חורף)),0
64189ae66c62bc497b8a1854,Haifa,Haifa1,"Tuna,Onions",Mon Mar 20 2023 19:41:57 GMT+0200 (שעון ישראל (חורף)),Mon Mar 20 2023 19:56:57 GMT+0200 (שעון ישראל (חורף)),0
64189ae66c62bc497b8a1852,Haifa,Haifa1,"Tomatoes,Mushroom",Mon Mar 20 2023 19:41:57 GMT+0200 (שעון ישראל (חורף)),Mon Mar 20 2023 20:59:57 GMT+0200 (שעון ישראל (חורף)),0
64189aee6c62bc497b8a1858,Dan,Dan2,"Pepperoni,Tuna",Mon Mar 20 2023 19:42:05 GMT+0200 (שעון ישראל (חורף)),Mon Mar 20 2023 21:54:05 GMT+0200 (שעון ישראל (חורף)),0
64189aee6c62bc497b8a185a,Dan,Dan2,"Tomatoes,Mushroom",Mon Mar 20 2023 19:42:05 GMT+0200 (שעון ישראל (חורף)),Mon Mar 20 2023 21:09:05 GMT+0200 (שעון ישראל (חורף)),0
64189aee6c62bc497b8a185c,Dan,Dan2,"Mushroom,Tomatoes",Mon Mar 20 2023 19:42:05 GMT+0200 (שעון ישראל (חורף)),Mon Mar 20 2023 21:57:05 GMT+0200 (שעון ישראל (חורף)),0
64189aee6c62bc497b8a185e,Dan,Dan2,"Onions,Tuna",Mon Mar 20 2023 19:42:05 GMT+0200 (שעון ישראל (חורף)),Mon Mar 20 2023 20:43:05 GMT+0200 (שעון ישראל (חורף)),0
64189aee6c62bc497b8a1862,Dan,Dan2,"Tomatoes,Onions",Mon Mar 20 2023 19:42:05 GMT+0200 (שעון ישראל (חורף)),Mon Mar 20 2023 20:14:05 GMT+0200 (שעון ישראל (חורף)),0
64189aee6c62bc497b8a1866,Dan,Dan2,"Mushroom,Peppers",Mon Mar 20 2023 19:42:06 GMT+0200 (שעון ישראל (חורף)),Mon Mar 20 2023 20:45:06 GMT+0200 (שעון ישראל (חורף)),0
64189aee6c62bc497b8a1868,Dan,Dan2,"Onions,Pepperoni",Mon Mar 20 2023 19:42:06 GMT+0200 (שעון ישראל (חורף)),Mon Mar 20 2023 20:50:06 GMT+0200 (שעון ישראל (חורף)),0
64189aee6c62bc497b8a186a,Dan,Dan2,"Onions,Pepperoni",Mon Mar 20 2023 19:42:06 GMT+0200 (שעון ישראל (חורף)),Mon Mar 20 2023 19:50:06 GMT+0200 (שעון ישראל (חורף)),0
64189aee6c62bc497b8a186c,Dan,Dan2,"Mushroom,Pepperoni",Mon Mar 20 2023 19:42:06 GMT+0200 (שעון ישראל (חורף)),Mon Mar 20 2023 21:11:06 GMT+0200 (שעון ישראל (חורף)),0
64189aee6c62bc497b8a186e,Dan,Dan2,"Onions,Mushroom",Mon Mar 20 2023 19:42:06 GMT+0200 (שעון ישראל (חורף)),Mon Mar 20 2023 19:50:06 GMT+0200 (שעון ישראל (חורף)),0
64189aee6c62bc497b8a1860,Dan,Dan2,"Tuna,Tuna",Mon Mar 20 2023 19:42:06 GMT+0200 (שעון ישראל (חורף)),Mon Mar 20 2023 21:28:06 GMT+0200 (שעון ישראל (חורף)),0
64189aee6c62bc497b8a1864,Dan,Dan2,"Tomatoes,Tuna",Mon Mar 20 2023 19:42:06 GMT+0200 (שעון ישראל (חורף)),Mon Mar 20 2023 20:39:06 GMT+0200 (שעון ישראל (חורף)),0
64189af66c62bc497b8a1870,South,South1,"Tuna,Mushroom",Mon Mar 20 2023 19:42:14 GMT+0200 (שעון ישראל (חורף)),Mon Mar 20 2023 20:40:14 GMT+0200 (שעון ישראל (חורף)),0
64189af66c62bc497b8a1872,South,South1,"Onions,Mushroom",Mon Mar 20 2023 19:42:14 GMT+0200 (שעון ישראל (חורף)),Mon Mar 20 2023 19:54:14 GMT+0200 (שעון ישראל (חורף)),0
64189af66c62bc497b8a1874,South,South1,"Onions,Peppers",Mon Mar 20 2023 19:42:14 GMT+0200 (שעון ישראל (חורף)),Mon Mar 20 2023 19:59:14 GMT+0200 (שעון ישראל (חורף)),0
64189af66c62bc497b8a1876,South,South1,"Pepperoni,Onions",Mon Mar 20 2023 19:42:14 GMT+0200 (שעון ישראל (חורף)),Mon Mar 20 2023 22:14:14 GMT+0200 (שעון ישראל (חורף)),0
64189af66c62bc497b8a1878,South,South1,"Pepperoni,Mushroom",Mon Mar 20 2023 19:42:14 GMT+0200 (שעון ישראל (חורף)),Mon Mar 20 2023 19:46:14 GMT+0200 (שעון ישראל (חורף)),0
64189af66c62bc497b8a187a,South,South1,"Peppers,Tomatoes",Mon Mar 20 2023 19:42:14 GMT+0200 (שעון ישראל (חורף)),Mon Mar 20 2023 20:01:14 GMT+0200 (שעון ישראל (חורף)),0
64189af66c62bc497b8a187c,South,South1,"Tuna,Onions",Mon Mar 20 2023 19:42:14 GMT+0200 (שעון ישראל (חורף)),Mon Mar 20 2023 21:01:14 GMT+0200 (שעון ישראל (חורף)),0
64189af76c62bc497b8a187e,South,South1,"Peppers,Pepperoni",Mon Mar 20 2023 19:42:14 GMT+0200 (שעון ישראל (חורף)),Mon Mar 20 2023 21:13:14 GMT+0200 (שעון ישראל (חורף)),0
64189af76c62bc497b8a1880,South,South1,"Mushroom,Tuna",Mon Mar 20 2023 19:42:14 GMT+0200 (שעון ישראל (חורף)),Mon Mar 20 2023 20:14:14 GMT+0200 (שעון ישראל (חורף)),0
6418a0ff0b2fce4ff01ad342,Haifa,Haifa1,Tomatoes,Mon Mar 20 2023 20:07:57 GMT+0200 (שעון ישראל (חורף)),Mon Mar 20 2023 20:42:57 GMT+0200 (שעון ישראל (חורף)),0